{
    "CS10": [
        {
            "Course ID": "CS22261",
            "Course Name": "Introduction to Algorithms"
        }
    ],
    "CS58": [
        {
            "Course ID": "CS23327",
            "Course Name": "Computer Networks"
        }
    ],
    "EE52": [
        {
            "Course ID": "EE22238",
            "Course Name": "Renewable Energy Systems"
        }
    ],
    "SC41": [
        {
            "Course ID": "SC23194",
            "Course Name": "Astronomy and Astrophysics"
        }
    ],
    "SC96": [
        {
            "Course ID": "SC22152",
            "Course Name": "Introduction to Geology"
        }
    ],
    "EE70": [
        {
            "Course ID": "EE23074",
            "Course Name": "Digital Signal Processing"
        }
    ],
    "MA74": [
        {
            "Course ID": "MA23033",
            "Course Name": "Multivariable Calculus"
        }
    ],
    "EE90": [
        {
            "Course ID": "EE23133",
            "Course Name": "Introduction to Electronics"
        }
    ],
    "EE79": [
        {
            "Course ID": "EE22074",
            "Course Name": "Digital Signal Processing"
        }
    ],
    "MA23": [
        {
            "Course ID": "MA22093",
            "Course Name": "Mathematical Logic"
        }
    ],
    "MA19": [
        {
            "Course ID": "MA22063",
            "Course Name": "Probability and Statistics"
        }
    ],
    "MA24": [
        {
            "Course ID": "MA23053",
            "Course Name": "Discrete Mathematics"
        }
    ],
    "CS34": [
        {
            "Course ID": "CS23163",
            "Course Name": "Web Development Basics"
        }
    ],
    "CS38": [
        {
            "Course ID": "CS23316",
            "Course Name": "Database Systems"
        }
    ],
    "EE99": [
        {
            "Course ID": "EE23035",
            "Course Name": "Circuit Analysis"
        }
    ],
    "HU77": [
        {
            "Course ID": "HU22249",
            "Course Name": "Literature and Culture"
        }
    ],
    "CS89": [
        {
            "Course ID": "CS23305",
            "Course Name": "Artificial Intelligence"
        }
    ],
    "MA89": [
        {
            "Course ID": "MA23063",
            "Course Name": "Probability and Statistics"
        }
    ],
    "SC38": [
        {
            "Course ID": "SC23152",
            "Course Name": "Introduction to Geology"
        }
    ],
    "CS46": [
        {
            "Course ID": "CS22205",
            "Course Name": "Introduction to Operating Systems"
        },
        {
            "Course ID": "CS22305",
            "Course Name": "Artificial Intelligence"
        }
    ],
    "CS55": [
        {
            "Course ID": "CS22316",
            "Course Name": "Database Systems"
        }
    ],
    "SC79": [
        {
            "Course ID": "SC22227",
            "Course Name": "Environmental Science"
        }
    ],
    "EE64": [
        {
            "Course ID": "EE23218",
            "Course Name": "Renewable Energy Systems"
        }
    ],
    "EE98": [
        {
            "Course ID": "EE22174",
            "Course Name": "Power Systems Analysis"
        }
    ],
    "HU36": [
        {
            "Course ID": "HU22216",
            "Course Name": "Introduction to Ethics in Technology"
        },
        {
            "Course ID": "HU22272",
            "Course Name": "Modern Philosophy"
        },
        {
            "Course ID": "HU23249",
            "Course Name": "Literature and Culture"
        }
    ],
    "CS48": [
        {
            "Course ID": "CS23024",
            "Course Name": "Data Structures and Algorithms"
        }
    ],
    "MA92": [
        {
            "Course ID": "MA22104",
            "Course Name": "Introduction to Linear Algebra"
        }
    ],
    "CS32": [
        {
            "Course ID": "CS22063",
            "Course Name": "Programming Fundamentals"
        }
    ],
    "CS87": [
        {
            "Course ID": "CS23261",
            "Course Name": "Introduction to Algorithms"
        }
    ],
    "CS19": [
        {
            "Course ID": "CS22349",
            "Course Name": "Information Security"
        },
        {
            "Course ID": "CS23361",
            "Course Name": "Cloud Computing"
        }
    ],
    "HU25": [
        {
            "Course ID": "HU22082",
            "Course Name": "Philosophy of Ethics"
        }
    ],
    "HU68": [
        {
            "Course ID": "HU23272",
            "Course Name": "Modern Philosophy"
        }
    ],
    "EE71": [
        {
            "Course ID": "EE23283",
            "Course Name": "Embedded Systems Design"
        }
    ],
    "EE21": [
        {
            "Course ID": "EE22283",
            "Course Name": "Embedded Systems Design"
        }
    ],
    "HU29": [
        {
            "Course ID": "HU23182",
            "Course Name": "Introduction to Psychology"
        }
    ],
    "CS18": [
        {
            "Course ID": "CS23383",
            "Course Name": "Natural Language Processing"
        }
    ],
    "CS71": [
        {
            "Course ID": "CS22338",
            "Course Name": "Software Engineering"
        }
    ],
    "HU50": [
        {
            "Course ID": "HU23042",
            "Course Name": "Introduction to Literature"
        }
    ],
    "SC54": [
        {
            "Course ID": "SC22294",
            "Course Name": "Introduction to Oceanography"
        }
    ],
    "SC34": [
        {
            "Course ID": "SC23250",
            "Course Name": "Neuroscience"
        }
    ],
    "MA63": [
        {
            "Course ID": "MA23083",
            "Course Name": "Mathematical Modeling"
        }
    ],
    "SC25": [
        {
            "Course ID": "SC22194",
            "Course Name": "Astronomy and Astrophysics"
        },
        {
            "Course ID": "SC23114",
            "Course Name": "Genetics and Evolution"
        }
    ],
    "CS26": [
        {
            "Course ID": "CS22125",
            "Course Name": "Machine Learning Fundamentals"
        }
    ],
    "EE51": [
        {
            "Course ID": "EE22035",
            "Course Name": "Circuit Analysis"
        }
    ],
    "CS17": [
        {
            "Course ID": "CS23372",
            "Course Name": "Mobile Application Development"
        }
    ],
    "SC88": [
        {
            "Course ID": "SC22250",
            "Course Name": "Neuroscience"
        }
    ],
    "CS85": [
        {
            "Course ID": "CS23102",
            "Course Name": "Introduction to Databases"
        }
    ],
    "MA94": [
        {
            "Course ID": "MA23023",
            "Course Name": "Calculus II"
        }
    ],
    "CS35": [
        {
            "Course ID": "CS22102",
            "Course Name": "Introduction to Databases"
        }
    ],
    "MA39": [
        {
            "Course ID": "MA23073",
            "Course Name": "Numerical Methods"
        }
    ],
    "SC59": [
        {
            "Course ID": "SC22095",
            "Course Name": "Quantum Mechanics"
        }
    ],
    "SC99": [
        {
            "Course ID": "SC23013",
            "Course Name": "Introduction to Physics"
        }
    ],
    "SC97": [
        {
            "Course ID": "SC23167",
            "Course Name": "Environmental Science"
        }
    ],
    "HU43": [
        {
            "Course ID": "HU23082",
            "Course Name": "Philosophy of Ethics"
        }
    ],
    "CS33": [
        {
            "Course ID": "CS22372",
            "Course Name": "Mobile Application Development"
        }
    ],
    "SC50": [
        {
            "Course ID": "SC23095",
            "Course Name": "Quantum Mechanics"
        }
    ],
    "EE57": [
        {
            "Course ID": "EE23174",
            "Course Name": "Power Systems Analysis"
        }
    ],
    "CS52": [
        {
            "Course ID": "CS23205",
            "Course Name": "Introduction to Operating Systems"
        }
    ],
    "SC58": [
        {
            "Course ID": "SC23052",
            "Course Name": "Basics of Chemistry"
        }
    ],
    "CS59": [
        {
            "Course ID": "CS23394",
            "Course Name": "Computer Vision"
        }
    ],
    "SC98": [
        {
            "Course ID": "SC22052",
            "Course Name": "Basics of Chemistry"
        }
    ],
    "CS13": [
        {
            "Course ID": "CS22405",
            "Course Name": "Human-Computer Interaction"
        }
    ],
    "CS79": [
        {
            "Course ID": "CS22024",
            "Course Name": "Data Structures and Algorithms"
        },
        {
            "Course ID": "CS22394",
            "Course Name": "Computer Vision"
        }
    ],
    "CS39": [
        {
            "Course ID": "CS22327",
            "Course Name": "Computer Networks"
        }
    ],
    "MA75": [
        {
            "Course ID": "MA22013",
            "Course Name": "Calculus I"
        }
    ],
    "MA62": [
        {
            "Course ID": "MA22073",
            "Course Name": "Numerical Methods"
        }
    ],
    "CS54": [
        {
            "Course ID": "CS23125",
            "Course Name": "Machine Learning Fundamentals"
        }
    ],
    "MA91": [
        {
            "Course ID": "MA23104",
            "Course Name": "Introduction to Linear Algebra"
        }
    ],
    "HU39": [
        {
            "Course ID": "HU23144",
            "Course Name": "History of Art"
        }
    ],
    "HU34": [
        {
            "Course ID": "HU23216",
            "Course Name": "Introduction to Ethics in Technology"
        }
    ],
    "SC86": [
        {
            "Course ID": "SC22114",
            "Course Name": "Genetics and Evolution"
        }
    ],
    "CS88": [
        {
            "Course ID": "CS22163",
            "Course Name": "Web Development Basics"
        },
        {
            "Course ID": "CS23063",
            "Course Name": "Programming Fundamentals"
        }
    ],
    "SC66": [
        {
            "Course ID": "SC22013",
            "Course Name": "Introduction to Physics"
        }
    ],
    "MA84": [
        {
            "Course ID": "MA22043",
            "Course Name": "Differential Equations"
        }
    ],
    "SC28": [
        {
            "Course ID": "SC23294",
            "Course Name": "Introduction to Oceanography"
        }
    ],
    "MA56": [
        {
            "Course ID": "MA22033",
            "Course Name": "Multivariable Calculus"
        }
    ],
    "CS93": [
        {
            "Course ID": "CS23338",
            "Course Name": "Software Engineering"
        }
    ],
    "EE15": [
        {
            "Course ID": "EE22133",
            "Course Name": "Introduction to Electronics"
        }
    ],
    "HU13": [
        {
            "Course ID": "HU22042",
            "Course Name": "Introduction to Literature"
        }
    ],
    "MA68": [
        {
            "Course ID": "MA22053",
            "Course Name": "Discrete Mathematics"
        },
        {
            "Course ID": "MA23093",
            "Course Name": "Mathematical Logic"
        }
    ],
    "HU81": [
        {
            "Course ID": "HU22182",
            "Course Name": "Introduction to Psychology"
        }
    ],
    "MA98": [
        {
            "Course ID": "MA22083",
            "Course Name": "Mathematical Modeling"
        },
        {
            "Course ID": "MA23043",
            "Course Name": "Differential Equations"
        }
    ],
    "MA73": [
        {
            "Course ID": "MA23013",
            "Course Name": "Calculus I"
        }
    ],
    "CS82": [
        {
            "Course ID": "CS22350",
            "Course Name": "Big Data Analytics"
        }
    ],
    "HU11": [
        {
            "Course ID": "HU22144",
            "Course Name": "History of Art"
        }
    ],
    "MA25": [
        {
            "Course ID": "MA22023",
            "Course Name": "Calculus II"
        }
    ],
    "CS64": [
        {
            "Course ID": "CS22361",
            "Course Name": "Cloud Computing"
        }
    ],
    "CS47": [
        {
            "Course ID": "CS23349",
            "Course Name": "Information Security"
        },
        {
            "Course ID": "CS23350",
            "Course Name": "Big Data Analytics"
        }
    ],
    "CS92": [
        {
            "Course ID": "CS22383",
            "Course Name": "Natural Language Processing"
        },
        {
            "Course ID": "CS23405",
            "Course Name": "Human-Computer Interaction"
        }
    ]
}